测试点,上一轮v68(us),v70_onepass(us),v71_tiny_vector(us),v73_tiny_compile_fix(us),v74_tiny_simd_dot(us),v75_tiny_vector_quant(us),v76_tiny_batch_quant(us),v77_simd_repeat(us),v78_batch_repeat(us)
1,11.2,12.27,11.77,23.56,9.98,8.94,9.54,10.68,8.96
2,11.5,11.29,11.64,16.78,5.04,5.37,5.4,5.92,4.73
3,11.87,12.48,12.02,19.5,8.74,8.53,8.44,8.75,8.12
4,19.47,19.92,19.62,18.69,19.58,19.88,18.58,20.19,19.74
5,20.11,20.49,20.29,19.45,20.2,20.67,19.38,20.93,20.63
6,35.0,34.5,34.63,33.77,34.7,35.04,33.92,35.19,34.78
7,48.59,49.71,48.68,47.88,48.65,48.99,47.26,49.12,49.38
8,116.21,110.37,116.54,115.51,116.12,116.99,115.37,117.25,116.48
9,58.53,56.79,59.48,58.71,58.68,58.95,58.13,59.63,59.58
10,119.9,113.55,118.4,118.39,119.93,120.15,118.76,119.46,119.78
11,231.38,236.29,232.77,230.67,231.0,230.38,230.4,232.15,232.9
12,296.25,271.19,296.63,293.38,293.28,294.53,293.66,294.25,293.73
13,394.89,399.35,393.7,390.68,391.52,390.3,389.33,391.96,391.49
14,788.12,794.6,784.54,771.51,769.28,758.5,761.36,771.72,770.82
15,1620.0,1630.0,1620.0,1610.0,1610.0,1620.0,1610.0,1610.0,1610.0
